Bx,By,Bz
-2.27703003926431,324.715651304925,-13.3237707005998
