Bx,By,Bz
33.6744628962948,-606.444884303519,12.2551402915133
