Bx,By,Bz
10.6450344846973,644.009272473408,-37.3175461145108
