Bx,By,Bz
1.83551074142873,-323.787257416862,8.15048956096321
